{
    "Template":{
        "TemplateName": "passwordResetConfirmation",
        "SubjectPart": "Tu Contraseña Ha Cambiado",
        "TextPart": "Hola {{name}},\n\nEste correo es para notificarte que tu contraseña ha sido cambiada. Si no fuiste tú el que la cambio, te recomendamos cambiarla de nuevo y asegurar tu cuenta de correo electrónico.\n\nGira\n\n¿Necesitas ayuda? Contáctanos en el siguiente correo:\ncontacto@mexicogira.com",
        "HtmlPart": "<!DOCTYPE html PUBLIC \"-//W3C//DTD XHTML 1.0 Transitional //EN\" \"http://www.w3.org/TR/xhtml1/DTD/xhtml1-transitional.dtd\"><html xmlns=\"http://www.w3.org/1999/xhtml\" xmlns:o=\"urn:schemas-microsoft-com:office:office\" xmlns:v=\"urn:schemas-microsoft-com:vml\"><head><meta content=\"text/html; charset=utf-8\" http-equiv=\"Content-Type\"/><meta content=\"width=device-width\" name=\"viewport\"/><meta content=\"IE=edge\" http-equiv=\"X-UA-Compatible\"/><title></title><style type=\"text/css\">body{margin: 0;padding: 0}table,td,tr{vertical-align: top;border-collapse: collapse}*{line-height: inherit}a[x-apple-data-detectors=true]{color: inherit !important;text-decoration: none !important}</style><style id=\"media-query\" type=\"text/css\">@media (max-width: 520px){.block-grid,.col{min-width: 320px !important;max-width: 100% !important;display: block !important}.block-grid{width: 100% !important}.col{width: 100% !important}.col_cont{margin: 0 auto}img.fullwidth,img.fullwidthOnMobile{max-width: 100% !important}.no-stack .col{min-width: 0 !important;display: table-cell !important}.no-stack.two-up .col{width: 50% !important}.no-stack .col.num2{width: 16.6% !important}.no-stack .col.num3{width: 25% !important}.no-stack .col.num4{width: 33% !important}.no-stack .col.num5{width: 41.6% !important}.no-stack .col.num6{width: 50% !important}.no-stack .col.num7{width: 58.3% !important}.no-stack .col.num8{width: 66.6% !important}.no-stack .col.num9{width: 75% !important}.no-stack .col.num10{width: 83.3% !important}.video-block{max-width: none !important}.mobile_hide{min-height: 0px;max-height: 0px;max-width: 0px;display: none;overflow: hidden;font-size: 0px}.desktop_hide{display: block !important;max-height: none !important}}</style><style id=\"icon-media-query\" type=\"text/css\">@media (max-width: 520px){.icons-inner{text-align: center}.icons-inner td{margin: 0 auto}}</style></head><body class=\"clean-body\" style=\"margin: 0; padding: 0; -webkit-text-size-adjust: 100%; background-color: #FFFFFF;\"><table bgcolor=\"#FFFFFF\" cellpadding=\"0\" cellspacing=\"0\" class=\"nl-container\" role=\"presentation\" style=\"table-layout: fixed; vertical-align: top; min-width: 320px; border-spacing: 0; border-collapse: collapse; mso-table-lspace: 0pt; mso-table-rspace: 0pt; background-color: #FFFFFF; width: 100%;\" valign=\"top\" width=\"100%\"><tbody><tr style=\"vertical-align: top;\" valign=\"top\"><td style=\"word-break: break-word; vertical-align: top;\" valign=\"top\"><div style=\"background-color:transparent;\"><div class=\"block-grid\" style=\"min-width: 320px; max-width: 500px; overflow-wrap: break-word; word-wrap: break-word; word-break: break-word; Margin: 0 auto; background-color: transparent;\"><div style=\"border-collapse: collapse;display: table;width: 100%;background-color:transparent;\"><div class=\"col num12\" style=\"min-width: 320px; max-width: 500px; display: table-cell; vertical-align: top; width: 500px;\"><div class=\"col_cont\" style=\"width:100% !important;\"><div style=\"border-top:0px solid transparent; border-left:0px solid transparent; border-bottom:0px solid transparent; border-right:0px solid transparent; padding-top:5px; padding-bottom:5px; padding-right: 0px; padding-left: 0px;\"><div align=\"center\" class=\"img-container center autowidth\" style=\"padding-right: 0px;padding-left: 0px;\"><img align=\"center\" border=\"0\" class=\"center autowidth\" src=\"https://gira-mediadb.s3.amazonaws.com/emailTemplates/logo.png\" style=\"text-decoration: none; -ms-interpolation-mode: bicubic; height: auto; border: 0; width: 100%; max-width: 136px; display: block;\" width=\"136\"/></div><table cellpadding=\"0\" cellspacing=\"0\" role=\"presentation\" style=\"table-layout: fixed; vertical-align: top; border-spacing: 0; border-collapse: collapse; mso-table-lspace: 0pt; mso-table-rspace: 0pt;\" valign=\"top\" width=\"100%\"><tr style=\"vertical-align: top;\" valign=\"top\"><td align=\"center\" style=\"word-break: break-word; vertical-align: top; padding-bottom: 50px; padding-left: 0px; padding-right: 0px; padding-top: 50px; text-align: center; width: 100%;\" valign=\"top\" width=\"100%\"><h1 style=\"color:#555555;direction:ltr;font-family:Arial, Helvetica Neue, Helvetica, sans-serif;font-size:23px;font-weight:normal;letter-spacing:normal;line-height:120%;text-align:center;margin-top:0;margin-bottom:0;\"><strong>Tu Contraseña Ha Cambiado</strong></h1></td></tr></table><div style=\"color:#555555;font-family:Arial, Helvetica Neue, Helvetica, sans-serif;line-height:1.2;padding-top:10px;padding-right:10px;padding-bottom:10px;padding-left:10px;\"><div class=\"txtTinyMce-wrapper\" style=\"line-height: 1.2; font-size: 12px; color: #555555; font-family: Arial, Helvetica Neue, Helvetica, sans-serif; mso-line-height-alt: 14px;\"><p style=\"font-size: 14px; line-height: 1.2; word-break: break-word; mso-line-height-alt: 17px; margin: 0;\">Hola {{name}},</p><br><p style=\"font-size: 14px; line-height: 1.2; word-break: break-word; mso-line-height-alt: 17px; margin: 0;\"></p><p style=\"font-size: 14px; line-height: 1.2; word-break: break-word; mso-line-height-alt: 17px; margin: 0;\">Este correo es para notificarte que tu contraseña ha sido cambiada. Si no fuiste tú el que la cambio, te recomendamos cambiarla de nuevo y asegurar tu cuenta de correo electrónico.</p><p style=\"font-size: 14px; line-height: 1.2; word-break: break-word; mso-line-height-alt: 17px; margin: 0;\"></p><br><p style=\"font-size: 14px; line-height: 1.2; word-break: break-word; mso-line-height-alt: 17px; margin: 0;\">Gira</p></div></div><table border=\"0\" cellpadding=\"0\" cellspacing=\"0\" class=\"divider\" role=\"presentation\" style=\"table-layout: fixed; vertical-align: top; border-spacing: 0; border-collapse: collapse; mso-table-lspace: 0pt; mso-table-rspace: 0pt; min-width: 100%; -ms-text-size-adjust: 100%; -webkit-text-size-adjust: 100%;\" valign=\"top\" width=\"100%\"><tbody><tr style=\"vertical-align: top;\" valign=\"top\"><td class=\"divider_inner\" style=\"word-break: break-word; vertical-align: top; min-width: 100%; -ms-text-size-adjust: 100%; -webkit-text-size-adjust: 100%; padding-top: 10px; padding-right: 10px; padding-bottom: 10px; padding-left: 10px;\" valign=\"top\"><table align=\"center\" border=\"0\" cellpadding=\"0\" cellspacing=\"0\" class=\"divider_content\" role=\"presentation\" style=\"table-layout: fixed; vertical-align: top; border-spacing: 0; border-collapse: collapse; mso-table-lspace: 0pt; mso-table-rspace: 0pt; border-top: 1px solid #BBBBBB; width: 100%;\" valign=\"top\" width=\"100%\"><tbody><tr style=\"vertical-align: top;\" valign=\"top\"><td style=\"word-break: break-word; vertical-align: top; -ms-text-size-adjust: 100%; -webkit-text-size-adjust: 100%;\" valign=\"top\"><span></span></td></tr></tbody></table></td></tr></tbody></table><div style=\"color:#555555;font-family:Arial, Helvetica Neue, Helvetica, sans-serif;line-height:1.2;padding-top:10px;padding-right:10px;padding-bottom:10px;padding-left:10px;\"><div class=\"txtTinyMce-wrapper\" style=\"line-height: 1.2; font-size: 12px; color: #555555; font-family: Arial, Helvetica Neue, Helvetica, sans-serif; mso-line-height-alt: 14px;\"><p style=\"text-align: center; line-height: 1.2; word-break: break-word; mso-line-height-alt: 14px; margin: 0;\">¿Necesitas ayuda? Contáctanos en el siguiente correo:</p><p style=\"text-align: center; line-height: 1.2; word-break: break-word; mso-line-height-alt: 14px; margin: 0;\"><a href=\"mailto:contacto@mexicogira.com\" rel=\"noopener\" style=\"color: #0068A5;\" target=\"_blank\">contacto@mexicogira.com</a></p></div></div><table border=\"0\" cellpadding=\"0\" cellspacing=\"0\" class=\"divider\" role=\"presentation\" style=\"table-layout: fixed; vertical-align: top; border-spacing: 0; border-collapse: collapse; mso-table-lspace: 0pt; mso-table-rspace: 0pt; min-width: 100%; -ms-text-size-adjust: 100%; -webkit-text-size-adjust: 100%;\" valign=\"top\" width=\"100%\"><tbody><tr style=\"vertical-align: top;\" valign=\"top\"><td class=\"divider_inner\" style=\"word-break: break-word; vertical-align: top; min-width: 100%; -ms-text-size-adjust: 100%; -webkit-text-size-adjust: 100%; padding-top: 10px; padding-right: 10px; padding-bottom: 10px; padding-left: 10px;\" valign=\"top\"><table align=\"center\" border=\"0\" cellpadding=\"0\" cellspacing=\"0\" class=\"divider_content\" role=\"presentation\" style=\"table-layout: fixed; vertical-align: top; border-spacing: 0; border-collapse: collapse; mso-table-lspace: 0pt; mso-table-rspace: 0pt; border-top: 1px solid #BBBBBB; width: 100%;\" valign=\"top\" width=\"100%\"><tbody><tr style=\"vertical-align: top;\" valign=\"top\"><td style=\"word-break: break-word; vertical-align: top; -ms-text-size-adjust: 100%; -webkit-text-size-adjust: 100%;\" valign=\"top\"><span></span></td></tr></tbody></table></td></tr></tbody></table><table cellpadding=\"0\" cellspacing=\"0\" class=\"social_icons\" role=\"presentation\" style=\"table-layout: fixed; vertical-align: top; border-spacing: 0; border-collapse: collapse; mso-table-lspace: 0pt; mso-table-rspace: 0pt;\" valign=\"top\" width=\"100%\"><tbody><tr style=\"vertical-align: top;\" valign=\"top\"><td style=\"word-break: break-word; vertical-align: top; padding-top: 10px; padding-right: 10px; padding-bottom: 10px; padding-left: 10px;\" valign=\"top\"><table align=\"center\" cellpadding=\"0\" cellspacing=\"0\" class=\"social_table\" role=\"presentation\" style=\"table-layout: fixed; vertical-align: top; border-spacing: 0; border-collapse: collapse; mso-table-tspace: 0; mso-table-rspace: 0; mso-table-bspace: 0; mso-table-lspace: 0;\" valign=\"top\"><tbody><tr align=\"center\" style=\"vertical-align: top; display: inline-block; text-align: center;\" valign=\"top\"><td style=\"word-break: break-word; vertical-align: top; padding-bottom: 0; padding-right: 2.5px; padding-left: 2.5px;\" valign=\"top\"><a href=\"https://www.facebook.com/GIRA-105911954773228\" target=\"_blank\"><img alt=\"Facebook\" height=\"32\" src=\"https://gira-mediadb.s3.amazonaws.com/emailTemplates/FB.png\" style=\"text-decoration: none; -ms-interpolation-mode: bicubic; height: auto; border: 0; display: block;\" title=\"Facebook\" width=\"15\"/></a></td><td style=\"word-break: break-word; vertical-align: top; padding-bottom: 0; padding-right: 2.5px; padding-left: 2.5px;\" valign=\"top\"><a href=\"https://instagram.com/giramexico\" target=\"_blank\"><img alt=\"Instagram\" height=\"32\" src=\"https://gira-mediadb.s3.amazonaws.com/emailTemplates/IG.png\" style=\"margin: 0 20px; text-decoration: none; -ms-interpolation-mode: bicubic; height: auto; border: 0; display: block;\" title=\"Instagram\" width=\"32\"/></a></td><td style=\"word-break: break-word; vertical-align: top; padding-bottom: 0; padding-right: 2.5px; padding-left: 2.5px;\" valign=\"top\"><a href=\"https://twitter.com/mexicogira?s=21\" target=\"_blank\"><img alt=\"Twitter\" height=\"32\" src=\"https://gira-mediadb.s3.amazonaws.com/emailTemplates/Twitter.png\" style=\"text-decoration: none; -ms-interpolation-mode: bicubic; height: auto; border: 0; display: block;\" title=\"Twitter\" width=\"35\"/></a></td></tr></tbody></table></td></tr></tbody></table></div></div></div></div></div></div></td></tr></tbody></table></body></html>"
    }
}
